"pointid","xcoord","ycoord"
1,-1051523.1831,2071411.9868
2,-1051981.6686,2070282.2172
3,-1052802.2293,2069314.4865
4,-1050402.8914,2068862.8361
5,-1156919.8735,2220479.49479999
6,-1156880.9338,2219903.0963
7,-1156863.873,2219877.4964
8,-1157107.1171,2220451.1162
9,-1157297.8784,2220717.4938
10,-1157150.8811,2221760.4987
11,-1157262.8712,2221102.49459999
12,-1158557.88,2225939.49729999
13,-1158501.8705,2225799.49460001
14,-1157031.8799,2230783.4934
15,-1157297.874,2230993.501
16,-1156660.8793,2231000.4967
17,-1156387.8691,2231413.5011
18,-1156485.8779,2231315.49669999
19,-1155085.8697,2232687.4964
20,-1155211.8796,2232547.499
21,-1154455.8755,2233415.504
22,-1154238.875,2233814.4969
23,-1153419.8701,2234913.49509999
24,-1153797.8775,2234843.5007
25,-1153139.8761,2235249.4996
26,-1151585.8779,2237237.50369999
27,-1151235.88,2237797.497
28,-1154161.869,2234045.4994
29,-1150834.1274,2238140.8007
30,-1151067.8765,2238077.4985
31,-1150304.8775,2238588.5017
32,-1150087.8765,2240107.4996
33,-1150185.8734,2239911.4969
34,-1145747.8759,2247737.5024
35,-1146482.876,2247212.49809999
36,-1145505.4002,2251811.65950001
37,-1145522.965,2251788.50970001
38,-1145369.8735,2251321.4931
39,-1145311.8494,2251131.8091
40,-1145467.8754,2248983.5025
41,-1145579.8743,2248563.4951
42,-1145355.8724,2249893.4978
43,-1145397.8762,2249907.50180001
44,-1145516.8748,2251902.4915
45,-1145145.8763,2250383.4972
46,-1145103.8753,2249963.4981
47,-1145810.873,2248542.4995
48,-1145102.7523,2250695.9906
49,-1145299.8764,2253561.50309999
50,-1145005.8779,2253827.49679999
51,-1144823.8748,2254079.4975
52,-1144403.8732,2254513.5029
53,-1143717.875,2254597.49960001
54,-1138457.429,2254066.38959999
55,-1138554.6675,2254238.31329999
56,-1138586.8762,2254254.4981
57,-1138154.5217,2254321.68519999
58,-1136102.9938,2254441.5421
59,-1135562.9341,2253393.07179999
60,-1134812.2434,2252701.2799
61,-1134771.4833,2252648.77219999
62,-1134023.3789,2250776.2589
63,-1133968.9908,2250608.03240001
64,-1133690.0027,2250058.1776
65,-1133247.2769,2249887.1552
66,-1133321.9857,2250003.81589999
67,-1133006.057,2248941.9347
68,-1132479.8201,2247939.2961
69,-1132478.923,2247667.7832
70,-1133945.8696,2256473.5009
71,-1134911.874,2256109.4989
72,-1136241.8729,2256249.5005
73,-1133854.4549,2256630.8199
74,-1133731.2808,2259031.5334
75,-1133645.2632,2258835.4223
76,-1134064.092,2261090.89490001
77,-1134117.3544,2261023.7829
78,-1133784.0592,2261398.59849999
79,-1133610.0868,2261279.9966
80,-1133567.2355,2261276.2829
81,-1133454.9417,2261363.1446
82,-1133427.8922,2261529.7321
83,-1133422.7106,2261686.58810001
84,-1133598.6458,2262208.58189999
85,-1132292.4153,2267396.39010001
86,-1132405.2131,2262583.573
87,-1133026.431,2269400.81540001
88,-1132781.9279,2268806.76659999
89,-1133330.81,2272453.0103
90,-1131507.729,2275998.4612
91,-1131504.4101,2275083.3967
92,-1131546.4833,2276342.6046
93,-1131473.2359,2276840.7924
94,-1131560.7074,2277912.89240001
95,-1131903.6467,2278746.8306
96,-1131858.8548,2278895.26319999
97,-1132130.1899,2279880.6456
98,-1132143.6479,2280153.88690001
99,-1132183.1518,2280371.5323
100,-1132141.6333,2280636.6798
101,-1132208.7203,2280840.288
102,-1132387.8763,2281636.4443
103,-1132407.4275,2281781.4129
104,-1132641.6794,2282185.2331
105,-1132907.3783,2283035.4182
106,-1132856.2823,2283035.6646
107,-1132768.9859,2283056.417
108,-1132664.282,2283247.69889999
109,-1132209.5335,2283545.1413
110,-1132133.4835,2284931.4947
111,-1131203.6373,2286915.6737
112,-1131320.1271,2286661.564
113,-1131679.9251,2287809.66689999
114,-1133151.9548,2293124.1675
115,-1133179.6376,2292937.69880001
116,-1133455.4414,2293252.3459
117,-1136378.6425,2293468.3381
118,-1132588.3198,2292644.19969999
119,-1140231.9996,2294756.37729999
120,-1145054.904,2297656.9363
121,-1143741.1845,2296108.82260001
122,-1144639.4623,2298059.8478
123,-1144540.6491,2300187.0742
124,-1142833.3966,2301897.6807
125,-1142806.0164,2302438.7626
126,-1133850.093,2322113.01499999
127,-1134757.8723,2321503.4966
128,-1132657.8782,2323701.50180001
129,-1133021.8738,2322987.5028
130,-1129311.8734,2325493.5032
131,-1130237.9418,2324446.408
132,-1129213.8794,2326487.5008
133,-1128401.8749,2327439.497
134,-1128233.8749,2327901.49700001
135,-1128513.8734,2329861.5004
136,-1128415.8732,2329203.5051
137,-1128597.8744,2330113.49919999
138,-1128345.8694,2337841.5034
139,-1128532.3448,2337032.651
140,-1126805.8746,2339927.502
141,-1126770.8765,2340648.5052
142,-1138131.7474,2272137.57679999
143,-1138069.8234,2271153.791
144,-1137961.7433,2272215.491
145,-1138085.5181,2272445.9998
146,-1139847.8705,2277130.122
147,-1140352.564,2277818.3333
148,-1141397.7569,2279313.80280001
149,-1141488.3763,2279203.3293
150,-1149214.6326,2284834.16770001
151,-1149120.681,2284745.1684
152,-1147210.201,2283278.11360001
153,-1149375.8382,2285514.722
154,-1150393.281,2286618.02070001
155,-1152214.4643,2288580.62789999
156,-1151898.3232,2288047.4902
157,-1152774.9148,2288778.1748
158,-1153841.5751,2289604.44970001
159,-1154034.1179,2289785.7257
160,-1154999.9517,2289665.90200001
161,-1157901.1724,2292156.1365
162,-1155408.0042,2289637.673
163,-1158013.3882,2292124.1257
164,-1165247.4838,2294891.9878
165,-1168110.8294,2293123.0322
166,-1170101.1822,2292386.9028
167,-1174094.2357,2290094.1262
168,-1174376.5659,2290354.2637
169,-1160120.3823,2284994.1639
170,-1150110.0295,2285012.0933
171,-1163209.3675,2284777.3857
172,-1145785.4173,2259299.12930001
173,-1144389.7216,2254555.2233
174,-1144568.1443,2261135.908
175,-1143577.8079,2262241.3867
176,-1143559.1375,2262587.5878
177,-1142963.169,2263940.8279
178,-1142701.6935,2264441.946
179,-1142186.0447,2266929.0981
180,-1141823.2587,2267117.7371
181,-1141361.5811,2268136.8415
182,-1141805.1246,2271669.73330001
183,-1142251.1932,2271896.83499999
184,-1143624.3678,2273128.76679999
185,-1144047.6718,2273218.0327
186,-1144316.6895,2274439.5862
187,-1144404.5608,2274483.7762
188,-1159111.0229,2207004.9183
189,-1159037.1565,2206918.8428
190,-1161108.397,2208183.5122
191,-1160113.4542,2207449.9018
192,-1161195.8468,2208349.23159999
193,-1161358.7049,2208505.55890001
194,-1161451.682,2208651.40729999
195,-1162112.7557,2208820.1877
196,-1165718.6735,2209173.4046
197,-1165277.8123,2208965.1705
198,-1166222.7341,2208669.3038
199,-1166449.4444,2208416.0408
200,-1167513.4521,2207943.7077
201,-1169396.2641,2207866.02200001
202,-1168838.1729,2207910.2997
203,-1170319.2838,2208123.3029
204,-1169800.7906,2207857.86220001
205,-1170710.7946,2208819.7236
206,-1173685.2727,2210655.4525
207,-1174900.9255,2210768.31799999
208,-1175671.3446,2210888.37260001
209,-1176618.5043,2210753.2199
210,-1177719.8133,2211097.0714
211,-1179444.1153,2211088.0893
212,-1179531.0223,2211137.5559
213,-1179516.9437,2211246.71219999
214,-1179600.6187,2211233.5748
215,-1179684.1393,2211171.2477
216,-1164987.7804,2283352.2871
217,-1143226.7043,2308352.21029999
218,-1142899.5761,2308403.9923
219,-1143544.5178,2308260.2676
220,-1149756.1696,2310938.65590001
221,-1146371.1136,2308440.67649999
222,-1144237.1781,2308119.7426
223,-1156100.226,2313031.8393
224,-1154360.2533,2312590.69769999
225,-1158875.8958,2313336.1714
226,-1161911.1583,2309921.59809999
227,-1161304.5029,2310700.1013
228,-1166245.4187,2311456.466
229,-1166339.8562,2311470.9401
230,-1135380.9051,2268976.8189
231,-1134088.988,2269066.0387
232,-1168981.1823,2217096.6832
233,-1160083.1782,2214554.4502
234,-1170264.7179,2218154.2546
235,-1170482.0885,2218787.8129
236,-1170438.201,2219477.26780001
237,-1171843.4881,2222147.4699
238,-1171127.2472,2221018.6299
239,-1171061.0093,2220783.3899
240,-1172332.1209,2223011.27960001
241,-1176717.4927,2224187.01949999
242,-1169151.4986,2257076.2522
243,-1164189.8725,2255730.0083
244,-1169415.7033,2257504.52209999
245,-1171736.4771,2258750.5644
246,-1178029.4905,2257846.7537
247,-1180762.248,2257991.61179999
248,-1180981.9774,2257678.96510001
249,-1181454.1722,2257120.77189999
250,-1181355.8007,2257245.0648
251,-1186129.3596,2257982.2111
252,-1158474.9946,2254621.0785
253,-1157168.0464,2254244.6131
254,-1159589.4201,2313401.0098
255,-1160775.2871,2312798.65650001
256,-1163778.9284,2313703.4954
257,-1166134.8489,2314514.6749
258,-1134570.605,2320338.9357
259,-1134519.8753,2320355.4994
260,-1129014.5541,2343877.66359999
261,-1126794.0122,2340629.6583
262,-1130255.8009,2344244.4152
263,-1131413.0271,2259401.1819
264,-1132839.8719,2257005.491
265,-1133830.8692,2256550.60179999
266,-1160919.2006,2255153.5
267,-1141422.2598,2306378.4931
268,-1141855.8697,2304507.4987
269,-1138985.2529,2253615.7474
270,-1139011.8168,2253634.46390001
271,-1138775.8741,2253673.499
272,-1133511.9339,2258110.347
273,-1133619.5997,2257343.14760001
274,-1133863.3454,2258354.7743
275,-1148883.8737,2243845.49910001
276,-1148925.8737,2243495.4957
277,-1148526.8728,2244090.4998
278,-1148834.876,2243894.4935
279,-1148463.8724,2244475.49499999
280,-1148439.6977,2244499.66819999
281,-1147791.8768,2244629.4912
282,-1147749.874,2244587.49610001
283,-1146727.8682,2246463.50259999
284,-1146965.8699,2245903.49949999
285,-1146643.8727,2246897.4929
286,-1146685.8721,2246645.4943
287,-1159593.8719,2217049.4937
288,-1159906.1341,2216024.4628
289,-1150206.8756,2239876.4947
290,-1157487.7293,2218952.9699
291,-1157488.0849,2218952.4804
292,-1152857.1865,2311803.13869999
293,-1141913.4953,2303775.2107
294,-1141907.4093,2303218.8157
295,-1140814.9059,2294753.2514
296,-1140481.394,2294677.43740001
297,-1132085.0198,2291968.449
298,-1131587.7422,2291112.75710001
299,-1131559.2076,2290976.8263
300,-1131477.2328,2290874.3876
301,-1131505.8479,2290488.5535
302,-1131574.5173,2290351.41169999
303,-1131616.3611,2290344.6434
304,-1131592.7271,2289462.94380001
305,-1131367.6659,2288753.1082
306,-1131401.1705,2288577.228
307,-1131701.7361,2288060.8454
308,-1131601.247,2286677.0311
309,-1131661.5073,2286510.2359
310,-1132009.4098,2286088.6325
311,-1131673.7935,2285662.1735
312,-1131667.4216,2285462.3231
313,-1132293.0185,2285409.5768
314,-1132206.4923,2273641.606
315,-1132512.1983,2268002.318
316,-1132428.9396,2262599.7441
317,-1132864.4541,2262914.6465
318,-1132917.2346,2262868.13690001
319,-1132960.1855,2262853.785
320,-1133494.0001,2262330.1668
321,-1133942.7536,2260266.8288
322,-1133921.7618,2258395.3948
323,-1136396.795,2256381.1535
324,-1136566.7877,2256689.068
325,-1138628.8769,2254898.4993
326,-1138535.5729,2254633.0205
327,-1145817.8708,2248171.5045
328,-1145747.879,2247905.5016
329,-1147238.876,2245504.4983
330,-1148911.8761,2243383.4999
331,-1148855.877,2243187.4952
332,-1148869.8741,2242921.49459999
333,-1149121.8747,2242151.50419999
334,-1149198.869,2242074.4982
335,-1149331.8731,2241675.50149999
336,-1149686.4152,2241222.22860001
337,-1149808.7023,2241179.79439999
338,-1150577.8736,2239267.49460001
339,-1150563.8757,2239197.49999999
340,-1150384.3062,2238898.4385
341,-1155785.8721,2231819.5044
342,-1156327.997,2231473.37719999
343,-1157535.873,2230909.505
344,-1157745.8699,2230559.49539999
345,-1157885.8715,2229845.5012
346,-1158326.8853,2229138.4964
347,-1158322.6694,2228932.4371
348,-1158368.7268,2229248.834
349,-1158417.873,2227157.4952
350,-1158753.8764,2227059.4923
351,-1158291.8749,2226401.49989999
352,-1158391.5305,2225698.7805
353,-1158305.8759,2225631.4914
354,-1158223.578,2225207.23780001
355,-1158109.8772,2224735.49540001
356,-1157920.8778,2224210.49840001
357,-1156961.8739,2223111.4912
358,-1157031.8711,2222243.5033
359,-1157101.8754,2221921.49609999
360,-1158319.8691,2228795.503
361,-1158361.8796,2228739.49909999
362,-1158662.8755,2228368.4947
363,-1157507.8745,2218925.5053
364,-1157675.8769,2218757.5036
365,-1157703.871,2218687.4971
366,-1157822.8783,2218498.50159999
367,-1158075.2939,2218323.5033
368,-1158615.618,2217914.0175
369,-1159299.881,2217735.4973
370,-1159537.8743,2217861.49329999
371,-1159551.8838,2217413.5019
372,-1159495.8721,2217357.5043
373,-1164232.4904,2209062.328
374,-1164104.5937,2209115.6376
375,-1164035.8555,2209097.5884
376,-1162487.5196,2208992.6767
377,-1168792.895,2207905.987
378,-1168277.5825,2207987.8356
379,-1167679.1298,2208095.82219999
380,-1141806.2361,2304508.4172
381,-1128485.8742,2330533.5056
382,-1136185.8692,2315343.50849999
383,-1137726.2114,2312209.93819999
384,-1158326.873,2229600.5016
385,-1139944.8787,2310072.50569999
386,-1157073.8738,2223727.4973
387,-1157017.8749,2223503.4971
388,-1157101.8761,2223755.49539999
389,-1157283.8756,2223937.4983
390,-1158473.877,2226093.50599999
391,-1157962.8707,2229754.495
392,-1147483.8714,2245189.49700001
393,-1147511.8726,2244867.49509999
394,-1141106.5078,2253423.01640001
395,-1138992.5725,2253764.2164
396,-1138579.8769,2254471.5021
397,-1141057.8757,2307641.8179
398,-1141113.8723,2307111.49850001
399,-1141057.8773,2307685.5094
400,-1128716.8747,2329238.4949
401,-1129003.8828,2334873.5069
402,-1129070.8799,2334795.12560001
403,-1128982.8784,2333606.5022
404,-1141419.5425,2306390.79780001
405,-1142228.1987,2307817.5895
406,-1136624.9385,2269719.6657
407,-1136613.5919,2269796.1252
408,-1156760.7875,2254168.1677
409,-1145314.6542,2253613.04079999
410,-1151076.4939,2254791.2978
411,-1153567.3219,2254422.0629
412,-1154701.5302,2254229.8156
413,-1155354.5525,2254386.9788
414,-1159836.0302,2207289.0067
415,-1159861.0804,2207303.7432
416,-1159910.5942,2216006.61559999
417,-1159915.872,2214529.4963
418,-1160405.8786,2211729.5
419,-1160097.8709,2215313.4982
420,-1158095.8714,2206269.4961
421,-1158165.8725,2205429.50459999
422,-1157787.8718,2206857.4973
423,-1153153.8785,2201369.5039
424,-1153069.8732,2201075.4972
425,-1153503.8729,2201985.5002
426,-1153825.8699,2202293.50080001
427,-1152326.1694,2199495.9681
428,-1152319.2365,2199493.879
429,-1152628.9031,2200144.85500001
430,-1152678.8501,2200192.4301
431,-1156604.8703,2208768.5012
432,-1156541.8734,2209475.491
433,-1156849.8754,2209965.501
434,-1160055.877,2215621.4918
435,-1159901.8763,2215943.50029999
436,-1129829.8784,2259357.4961
437,-1130564.872,2259560.4963
438,-1128492.8777,2259378.49359999
439,-1127401.6952,2259378.8768
440,-1126385.8717,2259637.4907
441,-1126455.8736,2259147.5033
442,-1125545.8761,2261401.4964
443,-1125552.8704,2261380.50100001
444,-1126091.8611,2260351.6037
445,-1124628.8763,2264502.5036
446,-1125237.8789,2263809.498
447,-1118937.8779,2267393.50050001
448,-1119244.3948,2267469.48450001
449,-1119630.8766,2266938.4968
450,-1119646.8907,2266934.2104
451,-1118531.8768,2267197.49470001
452,-1118426.8754,2267260.4931
453,-1116892.5374,2268215.7491
454,-1117125.634,2268123.4865
455,-1116151.3216,2267748.70289999
456,-1115880.9014,2267748.4341
457,-1115284.0301,2268083.3281
458,-1115163.6052,2268210.5726
459,-1114910.0467,2268305.70899999
460,-1114464.6191,2269217.6805
461,-1114778.8431,2268684.50940001
462,-1113758.2985,2270399.322
463,-1113845.689,2270553.9686
464,-1113993.4466,2270714.7397
465,-1114061.1065,2271129.95220001
466,-1114288.0921,2272828.4176
467,-1114410.3437,2272918.36109999
468,-1113807.0506,2273120.5579
469,-1113895.3246,2273339.90159999
470,-1114017.3922,2273378.1494
471,-1114057.9029,2273680.989
472,-1113374.8807,2275054.40759999
473,-1113514.3202,2275510.3355
474,-1113615.0355,2275519.6818
475,-1113669.4858,2275708.314
476,-1114139.5382,2275863.8808
477,-1114296.2717,2276493.3367
478,-1117411.8762,2278514.57520001
479,-1117351.4648,2278456.60280001
480,-1117528.9566,2279141.4922
481,-1117798.1815,2279289.6131
482,-1117883.1545,2279302.1205
483,-1118551.2558,2279793.1317
484,-1120185.9104,2281314.991
485,-1120515.9466,2281518.5477
486,-1121546.8964,2283031.615
487,-1121584.0872,2283212.7356
488,-1121630.0373,2283420.99669999
489,-1121634.5914,2283806.5664
490,-1122173.5523,2284585.902
491,-1122211.535,2284692.2341
492,-1122225.7552,2284890.63880001
493,-1121980.8222,2285601.15470001
494,-1121866.0669,2287405.374
495,-1121672.7354,2287469.93039999
496,-1122192.1608,2291715.3057
497,-1122249.0645,2291449.8861
498,-1121717.5837,2291903.7886
499,-1121006.6657,2292240.8881
500,-1123118.732,2287550.8732
501,-1124512.371,2289411.5661
502,-1124300.0773,2288979.9771
503,-1124682.0208,2289612.1595
504,-1124752.8502,2289911.8682
505,-1124808.9202,2289982.10459999
506,-1125998.535,2300299.6909
507,-1126032.906,2299718.48810001
508,-1125930.2526,2300555.6647
509,-1100855.9228,2274285.25879999
510,-1101059.7318,2273669.09679999
511,-1101199.6903,2277170.3159
512,-1101396.4453,2278546.6769
513,-1101278.816,2279117.7569
514,-1101369.2246,2280148.8682
515,-1101274.5111,2279143.6285
516,-1099816.0099,2281750.1125
517,-1098773.9659,2282144.4139
518,-1126433.8665,2290148.6861
519,-1125311.6612,2289862.3064
520,-1124820.5608,2289694.52270001
521,-1118512.0534,2267177.83899999
522,-1118510.527,2267177.6161
523,-1120177.9969,2267311.4908
524,-1120449.8761,2267057.4972
525,-1125354.1753,2263327.1698
526,-1125356.8661,2262164.49470001
527,-1117804.5512,2267673.10559999
528,-1118100.478,2267830.35839999
529,-1131131.8786,2258993.4956
530,-1119937.8817,2267258.4739
531,-1121821.8699,2266371.494
532,-1125525.2745,2295459.8629
533,-1128038.3476,2291531.37460001
534,-1122346.0204,2289193.6995
535,-1123799.2872,2287888.5991
536,-1117094.471,2278416.1822
537,-1116168.0594,2277564.2031
538,-1114924.3991,2268400.75520001
539,-1117411.3334,2267899.41339999
540,-1118106.1883,2267771.4873
541,-1122128.1598,2266589.0111
542,-1123865.8733,2265951.50500001
543,-1123905.7055,2265742.06799999
544,-1123823.8785,2266021.5061
545,-1125335.8666,2261667.4936
546,-1123179.8728,2266287.5016
547,-1122997.5007,2267069.2551
548,-1122864.8709,2266980.5045
549,-1125306.522,2293144.46900001
550,-1129590.0712,2292335.42189999
551,-1114728.7472,2139864.2514
552,-1113939.8704,2139951.49439999
553,-1116053.8739,2140525.49589999
554,-1115913.8715,2140371.49689999
555,-1115647.8713,2140273.4986
556,-1115409.876,2140119.5014
557,-1115311.8714,2140049.4954
558,-1115157.8758,2139979.4939
559,-1116842.5657,2142269.9383
560,-1116823.8741,2142541.4973
561,-1125083.8765,2155953.49460001
562,-1124845.8589,2155813.4563
563,-1125825.8735,2157101.50429999
564,-1125706.8707,2156898.5012
565,-1125601.8751,2156471.4958
566,-1125587.8722,2156275.5009
567,-1124663.8791,2156093.50039999
568,-1124383.8741,2156121.50230001
569,-1124691.8792,2156065.5008
570,-1125223.8748,2156023.50249999
571,-1125852.8693,2157128.4887
572,-1126091.8716,2157367.5004
573,-1129885.8728,2164311.5011
574,-1129774.0296,2163034.5734
575,-1129759.8784,2165837.499
576,-1129710.8759,2164934.5004
577,-1129731.8776,2165879.49699999
578,-1134183.8724,2172179.4952
579,-1134176.875,2171556.4979
580,-1133833.8697,2170877.50070001
581,-1134225.8699,2172879.49429999
582,-1132524.8748,2176106.50139999
583,-1133791.8798,2175315.4965
584,-1132356.8735,2176512.4907
585,-1134394.1618,2182145.2684
586,-1134260.88,2181902.495
587,-1137529.8718,2184555.5008
588,-1136423.8697,2184093.5022
589,-1136087.8789,2183855.5007
590,-1135779.8734,2183645.4929
591,-1135499.8738,2183295.5007
592,-1134701.8775,2182567.496
593,-1134617.8713,2182371.4992
594,-1134512.8789,2182266.4961
595,-1134421.8752,2182175.49830001
596,-1134302.8749,2180782.4971
597,-1134043.8772,2180817.4921
598,-1133455.8736,2180173.4995
599,-1137991.8783,2185479.5009
600,-1145635.8712,2191219.5025
601,-1145639.0225,2190956.37130001
602,-1146223.875,2189805.49909999
603,-1146371.8742,2189620.75280001
604,-1144375.8772,2188251.4991
605,-1143949.2053,2187882.6793
606,-1139858.6502,2186618.10940001
607,-1139755.8761,2186669.4912
608,-1146399.6045,2191570.6766
609,-1145803.8738,2191471.5025
610,-1139489.8765,2186739.5016
611,-1139293.8738,2186893.5004
612,-1139671.8711,2186697.49360001
613,-1140336.8776,2186578.4984
614,-1141029.8744,2186403.4919
615,-1141421.8772,2185927.4982
616,-1146601.8784,2191639.4987
617,-1152283.4001,2199102.9954
618,-1152215.0546,2198878.0096
619,-1181307.2912,2194808.0118
620,-1180235.1109,2194056.9547
621,-1152119.5874,2198612.7316
622,-1151990.1666,2198557.53250001
623,-1151212.5651,2197566.06910001
624,-1151206.8205,2197365.98710001
625,-1151354.4682,2197095.7361
626,-1151360.9141,2197052.70960001
627,-1151428.1675,2196872.2424
628,-1146717.2533,2191673.5002
629,-1147553.8774,2191779.5059
630,-1147455.9292,2191581.99869999
631,-1148244.8781,2191849.4994
632,-1148178.2231,2191864.7894
633,-1150500.8716,2193508.505
634,-1150171.8751,2193361.50379999
635,-1150073.8793,2193025.50219999
636,-1150038.8674,2192948.49669999
637,-1149828.8782,2192724.50079999
638,-1149541.8773,2192577.49340001
639,-1149170.8786,2192304.50460001
640,-1149065.8768,2192213.49790001
641,-1148944.7835,2192115.85840001
642,-1128975.8689,2160713.50320001
643,-1128975.8803,2160475.492
644,-1129031.8766,2160391.4973
645,-1129059.8709,2160881.5051
646,-1129213.8738,2161203.49880001
647,-1129745.8705,2162533.49470001
648,-1132405.8741,2169477.4956
649,-1131811.158,2169148.7874
650,-1116907.874,2143283.5018
651,-1112418.0695,2137021.5262
652,-1112189.8781,2136619.497
653,-1129931.2605,2167856.8877
654,-1112404.3508,2137076.8714
655,-1111895.8715,2136311.5003
656,-1148673.8756,2191863.4926
657,-1148435.873,2191597.4978
658,-1133231.88,2179249.4972
659,-1133387.124,2179183.9987
660,-1133302.0464,2178893.0757
661,-1133056.8692,2178766.5009
662,-1132657.8693,2178619.5033
663,-1133721.8773,2170513.4914
664,-1133721.8772,2170457.4958
665,-1133693.8767,2170163.498
666,-1132863.2331,2169828.75349999
667,-1130935.8772,2169197.4967
668,-1130592.8757,2168504.5019
669,-1128975.8708,2160279.5032
670,-1128681.8693,2159971.4977
671,-1128170.8818,2158816.4964
672,-1128023.8735,2158697.5032
673,-1126301.8733,2157605.49920001
674,-1148231.7868,2191503.8466
675,-1148194.0366,2191758.2285
676,-1151917.733,2198512.6218
677,-1127645.874,2158459.50549999
678,-1127603.8692,2158459.5007
679,-1122885.8717,2152509.5016
680,-1120855.8764,2151361.50399999
681,-1120792.876,2151242.50539999
682,-1120834.8715,2149492.4994
683,-1121032.4954,2148886.99770001
684,-1120778.8695,2148442.4967
685,-1120589.8712,2148351.4904
686,-1119434.8752,2147644.4992
687,-1148925.8701,2192087.4906
688,-1111503.8727,2135779.5015
689,-1110285.8709,2135681.4965
690,-1113379.8754,2139797.497
691,-1113253.8728,2139699.50469999
692,-1113154.1268,2139469.496
693,-1112819.8709,2138789.49930001
694,-1112749.8783,2138621.4964
695,-1112749.8733,2138551.49230001
696,-1112749.8736,2138257.4976
697,-1112682.3551,2137961.5997
698,-1112684.4115,2137954.1906
699,-1112546.8779,2137718.5024
700,-1112430.6264,2137274.5041
701,-1113827.8748,2139937.49809999
702,-1117841.916,2144691.7587
703,-1117789.8732,2144557.4986
704,-1117645.1293,2145668.5034
705,-1119133.8763,2147245.5022
706,-1118855.8263,2147115.6427
707,-1117614.88,2145908.4973
708,-1118251.8738,2146447.4967
709,-1117750.7557,2146019.72400001
710,-1118452.4956,2146639.8504
711,-1118433.8797,2146615.4974
712,-1119203.8761,2147315.5002
713,-1118524.871,2146734.4905
714,-1117677.8722,2145957.4984
715,-1124019.8701,2155785.4962
716,-1124214.4999,2155666.4974
717,-1124278.8724,2156044.4965
718,-1124369.8706,2152453.5048
719,-1124307.9737,2152448.3397
720,-1124145.8729,2152313.5018
721,-1124355.879,2156121.5005
722,-1124201.877,2155057.50079999
723,-1124285.8691,2154511.49950001
724,-1127316.8737,2158802.49869999
725,-1126630.8718,2158172.4991
726,-1126483.8764,2157773.4962
727,-1129374.875,2161490.49650001
728,-1129948.8724,2167874.50529999
729,-1130935.8763,2169239.49890001
730,-1131369.8738,2169253.5023
731,-1131054.8742,2169386.4911
732,-1131677.8727,2169099.4968
733,-1131593.8784,2169127.50170001
734,-1131523.8739,2169085.49740001
735,-1152103.8751,2195419.50459999
736,-1151795.8734,2193711.5
737,-1151326.8725,2193382.4966
738,-1151221.8707,2193445.4948
739,-1150812.8425,2193525.5815
740,-1151368.4892,2196154.5267
741,-1129937.5933,2182007.34
742,-1129976.9173,2181826.8903
743,-1129823.3971,2182748.42360001
744,-1129720.364,2182790.1589
745,-1129596.8262,2183542.785
746,-1129580.4631,2183705.9286
747,-1129282.2439,2184484.5367
748,-1128339.7133,2185864.0744
749,-1129237.6563,2184596.9465
750,-1128172.0272,2185941.21370001
751,-1127374.5851,2185903.7491
752,-1126075.6058,2186021.41949999
753,-1126729.2896,2185624.50589999
754,-1126071.2431,2185839.8197
755,-1125916.4419,2185817.4895
756,-1125884.5755,2185949.8984
757,-1125632.892,2186192.82279999
758,-1125805.1612,2186111.6662
759,-1125599.3277,2186195.7435
760,-1124419.1007,2186744.17640001
761,-1124622.5675,2186729.5746
762,-1124138.6318,2186533.05650001
763,-1123689.1165,2186292.38649999
764,-1123946.4509,2186593.2302
765,-1123644.4479,2186107.5476
766,-1123359.4566,2186068.9982
767,-1121802.8877,2184634.364
768,-1123151.3677,2186080.3343
769,-1121643.7457,2184430.40690001
770,-1119696.7414,2183740.8355
771,-1119477.5762,2183864.3125
772,-1119348.1584,2183930.9477
773,-1118699.5895,2184592.2404
774,-1118636.2412,2184748.55240001
775,-1116224.5471,2185193.9808
776,-1116838.4134,2184967.2221
777,-1115988.1942,2185630.37680001
778,-1115890.518,2185706.7421
779,-1115631.413,2190917.80399999
780,-1114136.6192,2190832.558
781,-1113203.9549,2191801.7325
782,-1111558.4136,2191812.2375
783,-1111332.8724,2193938.21249999
784,-1110354.4659,2194605.98549999
785,-1108139.2625,2195630.12939999
786,-1107824.5883,2195602.76290001
787,-1107001.6314,2196605.6947
788,-1106677.5453,2196713.9625
789,-1101916.6517,2199743.8306
790,-1096333.304,2202570.1247
791,-1098263.5413,2201967.7413
792,-1098538.3175,2202024.7411
793,-1100359.3857,2200879.7565
794,-1099133.1409,2201261.5606
795,-1095948.0537,2202753.2303
796,-1095670.7623,2202732.02140001
797,-1094835.6855,2203068.40649999
798,-1080383.1235,2204487.1036
799,-1084351.2448,2207404.7952
800,-1079283.0788,2203494.9769
801,-1077397.0641,2202623.38939999
802,-1076459.9221,2201870.75929999
803,-1075922.8638,2201318.3454
804,-1075172.5697,2200852.48110001
805,-1075179.8627,2200745.0462
806,-1074728.572,2199447.87550001
807,-1073020.3162,2197500.7081
808,-1073018.3125,2197427.08809999
809,-1071893.7215,2196096.66229999
810,-1072996.9528,2197412.249
811,-1070899.5198,2195700.118
812,-1070592.6513,2195709.0736
813,-1070286.4237,2195273.9347
814,-1069024.3634,2194716.1282
815,-1065374.2128,2195579.4757
816,-1064368.2548,2196011.8018
817,-1064548.7495,2195831.8792
818,-1062811.3433,2195704.2084
819,-1082349.2303,2207807.4127
820,-1081189.2969,2207832.166
821,-1080050.2046,2207743.616
822,-1077340.9958,2208394.79720001
823,-1076886.2595,2208184.40479999
824,-1076270.724,2207683.0867
825,-1075191.9705,2207398.8257
826,-1074507.6962,2208142.8874
827,-1074455.1503,2208685.59319999
828,-1073512.398,2210188.989
829,-1072895.4358,2210870.0716
830,-1072774.9347,2210948.8553
831,-1072072.4322,2210706.54350001
832,-1071279.3018,2210877.64489999
833,-1069370.1307,2212408.09420001
834,-1070292.3287,2211233.50499999
835,-1065773.7551,2214608.9043
836,-1069353.9371,2212430.11359999
837,-1065622.1556,2214856.339
838,-1063056.1782,2215666.3172
839,-1062955.1552,2215660.0028
840,-1062403.5648,2215998.92200001
841,-1060395.936,2217028.13759999
842,-1061470.8332,2216521.5741
843,-1058584.196,2218363.3463
844,-1058686.6666,2217985.0389
845,-1058114.9556,2219246.5301
846,-1057600.8782,2220159.7218
847,-1054954.0711,2220632.594
848,-1055438.7869,2220701.2422
849,-1095362.8271,2204850.8298
850,-1096028.198,2203841.9405
851,-1093898.6813,2207126.0645
852,-1092662.7479,2208312.34189999
853,-1092752.7328,2208270.84530001
854,-1092393.1918,2208829.55730001
855,-1086648.1322,2216283.7876
856,-1087171.1099,2215102.5927
857,-1085498.2776,2219504.55260001
858,-1084677.7965,2219700.7267
859,-1081553.5831,2223901.6498
860,-1081487.6892,2224132.5122
861,-1080715.1087,2225045.5369
862,-1079486.2981,2226261.2359
863,-1079514.3329,2226352.89999999
864,-1079643.8313,2226484.4904
865,-1079580.303,2228427.36599999
866,-1079596.5123,2229374.4639
867,-1079108.87,2230279.9817
868,-1078841.8387,2232752.0993
869,-1079087.3457,2233387.6903
870,-1125217.7813,2186525.9034
871,-1125218.0032,2186259.6405
872,-1070756.3543,2210846.21090001
873,-1125347.1599,2186159.35260001
874,-1088921.8598,2212749.63840001
875,-1091383.4723,2209642.2572
876,-1058927.5934,2217674.637
877,-1132310.4812,2176539.0849
878,-1125866.8546,2186019.73910001
879,-1086545.9571,2205029.40739999
880,-1087272.619,2203445.4746
881,-1125147.3816,2186660.5273
882,-1116930.997,2184820.2949
883,-1090545.2905,2201930.58919999
884,-1061718.5968,2216390.14070001
885,-1104686.8023,2136455.0191
886,-1110250.3807,2135699.45009999
887,-1104270.5971,2135385.0683
888,-1102281.388,2135659.0836
889,-1102052.6262,2135818.0061
890,-1101735.9884,2136812.53769999
891,-1101476.6181,2136899.8874
892,-1101104.29,2136903.9832
893,-1100918.4974,2136885.40179999
894,-1100773.079,2136797.5745
895,-1100049.3146,2136604.48979999
896,-1097925.5588,2137611.6691
897,-1096776.0844,2138643.1805
898,-1095196.455,2132544.7401
899,-1095704.2608,2131571.5531
900,-1095739.9099,2131342.6731
901,-1096348.3595,2130374.02539999
902,-1096328.9976,2126526.16380001
903,-1096400.5023,2126076.02940001
904,-1096129.0853,2124310.1255
905,-1094093.3923,2139676.956
906,-1092242.0754,2139356.16110001
907,-1090950.237,2141179.5767
908,-1089869.6363,2141207.78640001
909,-1084254.5016,2140933.9225
910,-1082809.3144,2141332.54800001
911,-1082750.7799,2141515.63769999
912,-1081608.2576,2141842.60779999
913,-1080009.3,2142431.6738
914,-1079676.8432,2142607.6656
915,-1078368.3877,2142883.0592
916,-1073958.8151,2143768.24939999
917,-1072483.2621,2144201.5752
918,-1071670.7305,2144096.3578
919,-1067391.8992,2146197.6037
920,-1064470.087,2146576.7203
921,-1063811.6525,2147225.6343
922,-1063776.4781,2147595.3609
923,-1063827.7959,2147666.9199
924,-1060471.5061,2148115.7125
925,-1058282.2792,2147321.0967
926,-1056327.6311,2147175.71949999
927,-1055318.9779,2146642.8731
928,-1055096.4477,2146390.3565
929,-1052284.6692,2145161.8803
930,-1052370.8045,2144605.3943
931,-1052899.5487,2143285.4144
932,-1052758.8716,2142302.7876
933,-1052739.5842,2142034.1073
934,-1052543.9759,2141733.6125
935,-1051890.2986,2140613.7608
936,-1051243.372,2138551.72179999
937,-1050186.4385,2137382.9308
938,-1050063.8896,2137196.149
939,-1049740.4852,2137047.0949
940,-1049468.4824,2137008.1739
941,-1049340.0526,2136846.42800001
942,-1048489.6516,2135883.3429
943,-1048258.8073,2134737.0617
944,-1048373.1138,2133995.8088
945,-1049025.5705,2130653.9232
946,-1048130.8243,2129509.2923
947,-1045994.8873,2128671.36189999
948,-1046042.7335,2127856.62110001
949,-1045479.3973,2126934.4006
950,-1042313.9806,2125543.0778
951,-1042265.4651,2125487.5244
952,-1041245.8193,2125392.55680001
953,-1040221.7098,2125996.72070001
954,-1039372.3965,2126510.63569999
955,-1038429.9577,2128215.3517
956,-1037472.6766,2129213.10129999
957,-1036881.407,2129926.7091
958,-1036002.1269,2129504.4194
959,-1029755.5878,2115590.3452
960,-1029512.5833,2116320.00909999
961,-1029601.1661,2114906.7128
962,-1024933.3412,2112495.93060001
963,-1028807.4918,2114291.6353
964,-1034739.3468,2122677.17660001
965,-1035181.1505,2123306.1088
966,-1034170.4248,2122368.59109999
967,-1031846.9836,2120190.5398
968,-1031034.8017,2119134.25259999
969,-1030530.5609,2118443.5525
970,-1030354.3423,2118508.22809999
971,-1029783.4994,2117220.2343
972,-1077512.5124,2101660.91830001
973,-1074671.885,2102871.6563
974,-1078514.4597,2101176.6896
975,-1080218.5917,2099451.3395
976,-1081324.1192,2098216.90619999
977,-1082532.6824,2095729.9013
978,-1116269.7065,2111836.7832
979,-1116734.8601,2111985.3928
980,-1113137.0739,2109673.259
981,-1106972.6049,2109487.90540001
982,-1104935.3115,2108218.9335
983,-1101476.4172,2107425.9577
984,-1099518.174,2107287.93830001
985,-1096856.7447,2102590.5348
986,-1095642.4064,2100454.2367
987,-1106908.0055,2130390.81169999
988,-1106393.8698,2130501.50149999
989,-1106276.1273,2130392.16779999
990,-1108101.8727,2130473.492
991,-1107604.8714,2130298.4985
992,-1107415.8793,2130207.4926
993,-1105880.7687,2129349.85949999
994,-1108395.8697,2130641.4973
995,-1108143.878,2131467.4943
996,-1108381.8799,2131187.4946
997,-1108787.8812,2132377.5006
998,-1110285.8783,2135401.4921
999,-1137359.5379,2083120.3167
1000,-1136391.6614,2081130.0422
1001,-1137664.7968,2083280.8251
1002,-1140293.909,2084998.2638
1003,-1140916.2001,2085802.3838
1004,-1141169.0053,2086079.54460001
1005,-1143559.658,2087609.2295
1006,-1141492.598,2086395.38900001
1007,-1143927.8632,2087945.6412
1008,-1147757.5333,2089008.8738
1009,-1148211.7488,2089003.1859
1010,-1150808.8819,2088939.83640001
1011,-1152244.3888,2089345.1511
1012,-1152806.2062,2089404.4553
1013,-1153467.0906,2089915.9072
1014,-1153703.6064,2090056.8479
1015,-1155196.7379,2089932.0084
1016,-1155485.2841,2089909.68420001
1017,-1155704.3395,2089996.2646
1018,-1155883.7125,2089988.96179999
1019,-1155834.4266,2089891.09830001
1020,-1156937.9353,2089592.4206
1021,-1157404.6379,2089617.8583
1022,-1159660.2089,2090150.4357
1023,-1157414.6152,2089641.7624
1024,-1159804.2102,2090210.4432
1025,-1161010.9171,2089885.4348
1026,-1161985.9416,2089663.58869999
1027,-1162317.7845,2089502.6054
1028,-1110173.8733,2133619.4637
1029,-1110089.8763,2132463.99660001
1030,-1110173.8756,2134197.5
1031,-1110004.9206,2132392.8419
1032,-1109963.8776,2132097.49269999
1033,-1109193.8762,2131957.4951
1034,-1110068.8726,2134540.5049
1035,-1110110.8814,2134470.5021
1036,-1110187.8773,2135163.5013
1037,-1110072.3762,2134858.24890001
1038,-1124344.8432,2103056.4033
1039,-1123949.8764,2102669.5001
1040,-1124365.8566,2103119.4574
1041,-1124453.8728,2103215.4983
1042,-1125167.8727,2106365.50160001
1043,-1124719.8772,2106911.4944
1044,-1123487.8723,2108451.4982
1045,-1122222.7831,2109320.7615
1046,-1122217.8344,2109444.576
1047,-1120897.8731,2111265.4962
1048,-1120784.8429,2111467.5248
1049,-1120685.7182,2111557.63570001
1050,-1118475.8689,2115059.50049999
1051,-1113854.8187,2115720.4778
1052,-1116947.0401,2114606.62869999
1053,-1117271.3958,2114652.8619
1054,-1118195.8364,2115081.28539999
1055,-1118419.8774,2115031.5006
1056,-1118282.4008,2115062.0482
1057,-1113786.8952,2115783.5457
1058,-1113109.2912,2117430.074
1059,-1113039.5778,2117499.7866
1060,-1112917.8745,2117621.4989
1061,-1112609.869,2117565.501
1062,-1112132.9051,2117610.9413
1063,-1111951.446,2117649.5038
1064,-1111209.8707,2118474.9549
1065,-1111209.8733,2118576.3067
1066,-1111447.8738,2119795.57570001
1067,-1126980.6249,2080507.1186
1068,-1127017.0307,2079483.3823
1069,-1127757.8702,2082341.5025
1070,-1126735.8783,2083098.1117
1071,-1126735.8771,2083149.1662
1072,-1126539.8712,2084413.50070001
1073,-1126630.8755,2085442.5015
1074,-1125419.8787,2087185.49860001
1075,-1123963.8718,2089901.5002
1076,-1123179.8743,2092673.4988
1077,-1123277.8703,2092897.4941
1078,-1124075.8735,2093723.49850001
1079,-1124425.8746,2095473.5018
1080,-1124229.8791,2097027.4944
1081,-1124173.8763,2097349.3563
1082,-1124173.8757,2097437.8353
1083,-1123109.8713,2098399.49469999
1084,-1123039.8766,2101885.4988
1085,-1111503.8765,2119933.8801
1086,-1111741.8777,2120099.5035
1087,-1112482.409,2121026.2447
1088,-1112527.0661,2121064.5299
1089,-1112399.8768,2123347.49389999
1090,-1109235.8708,2123193.4919
1091,-1110271.8719,2122997.5032
1092,-1111141.0284,2123754.93159999
1093,-1109098.6609,2123401.41330001
1094,-1112302.0991,2123378.2806
1095,-1112192.7758,2123385.57170001
1096,-1111208.7459,2123707.77
1097,-1108731.8734,2124047.4945
1098,-1108739.6921,2124117.8859
1099,-1108659.0944,2124364.0529
1100,-1108667.5128,2124422.9448
1101,-1108619.8725,2124901.5012
1102,-1108689.8729,2125043.7955
1103,-1108689.8774,2125111.2223
1104,-1109495.0702,2126221.12039999
1105,-1109488.7268,2126329.03870001
1106,-1108330.8531,2126670.4726
1107,-1107551.4484,2126893.9236
1108,-1107274.6056,2126926.9137
1109,-1107193.9031,2126991.476
1110,-1106534.1364,2127465.1404
1111,-1106520.8513,2127523.6166
1112,-1106464.0038,2127655.3045
1113,-1106418.3031,2127727.1052
1114,-1106396.56,2127777.4406
1115,-1106233.2557,2128053.13520001
1116,-1106211.6357,2128109.8566
1117,-1106172.8051,2128211.81330001
1118,-1106123.1443,2128266.2239
1119,-1106085.8724,2128485.496
1120,-1127927.9315,2126492.7133
1121,-1126228.6185,2125543.6156
1122,-1127813.8306,2126683.19229999
1123,-1127040.9897,2127078.6755
1124,-1127353.7259,2127664.5397
1125,-1127596.5398,2127870.337
1126,-1128027.7824,2129099.39199999
1127,-1127601.0348,2129161.9541
1128,-1126085.0205,2128583.44480001
1129,-1125826.026,2128701.2796
1130,-1125607.3701,2129386.3022
1131,-1126076.0679,2129650.6058
1132,-1126703.8573,2129712.7967
1133,-1126781.0054,2129778.2713
1134,-1126861.2068,2129787.2727
1135,-1127701.8061,2130845.1446
1136,-1127648.3733,2131021.1175
1137,-1126886.2478,2131500.9161
1138,-1126765.0554,2131581.7078
1139,-1126411.5061,2132865.549
1140,-1126512.4077,2132678.32550001
1141,-1127257.1958,2133323.9714
1142,-1127456.1132,2133251.79329999
1143,-1127600.9835,2132460.3991
1144,-1127864.2755,2132048.2869
1145,-1128444.0641,2132460.5486
1146,-1128217.3179,2132831.36790001
1147,-1129129.6414,2133304.5643
1148,-1129083.3039,2134754.3305
1149,-1130063.4726,2137729.7801
1150,-1130088.9994,2136481.3112
1151,-1129848.0309,2138834.28930001
1152,-1129978.0082,2139186.7405
1153,-1129625.6637,2139474.7748
1154,-1129474.2981,2140911.84470001
1155,-1128922.208,2143095.5223
1156,-1129265.6231,2143416.6659
1157,-1129224.634,2143806.51769999
1158,-1129711.3568,2145146.7645
1159,-1130596.6016,2146267.724
1160,-1131036.3014,2146098.3698
1161,-1131037.2099,2147451.2693
1162,-1131832.142,2148704.0143
1163,-1132161.6886,2148715.3514
1164,-1132183.673,2148757.31020001
1165,-1132610.7552,2149028.4257
1166,-1133075.6237,2150326.638
1167,-1134905.6186,2151696.5379
1168,-1135212.3159,2151708.04959999
1169,-1137866.4195,2153156.9622
1170,-1143525.4606,2152874.22800001
1171,-1142219.3122,2152847.733
1172,-1146049.6061,2151100.2715
1173,-1147533.0564,2151064.7758
1174,-1149060.2301,2151980.1453
1175,-1151989.1987,2148976.7661
1176,-1152406.1971,2149555.5564
1177,-1154091.9801,2152012.7944
1178,-1154402.2084,2152157.3433
1179,-1154538.432,2152081.9797
1180,-1155578.4825,2153257.83280001
1181,-1155952.3813,2154370.07169999
1182,-1156353.5658,2155504.4906
1183,-1158189.0642,2158740.96329999
1184,-1158435.2278,2160263.68389999
1185,-1163927.5451,2168150.2731
1186,-1161561.3846,2165678.6024
1187,-1164597.1251,2170308.3622
1188,-1165173.4846,2171313.4557
1189,-1165250.1746,2171397.3968
1190,-1166430.3419,2171946.72999999
1191,-1166800.7828,2172266.16699999
1192,-1173609.8342,2174535.13409999
1193,-1173190.1601,2174911.2848
1194,-1175366.7677,2173487.7748
1195,-1185206.378,2174633.1155
1196,-1183355.8111,2173918.68789999
1197,-1182700.579,2174551.6134
1198,-1185891.3616,2174675.36009999
1199,-1191932.7012,2172965.7732
1200,-1190106.3195,2174323.13
1201,-1194003.3842,2172875.4103
1202,-1195041.3174,2174065.03010001
1203,-1195050.9129,2174118.3388
1204,-1193846.6489,2184214.0433
1205,-1192626.4907,2187749.26640001
1206,-1153801.7432,2148262.30900001
1207,-1154502.7161,2149244.7974
1208,-1156289.6977,2150400.2911
1209,-1158704.0982,2150231.38709999
1210,-1160170.1179,2151968.06650001
1211,-1160517.3541,2152152.1112
1212,-1163830.3113,2152316.95579999
1213,-1163900.2821,2151628.46750001
1214,-1163901.8421,2151090.22059999
1215,-1165572.5029,2149911.35259999
1216,-1166015.5915,2149625.60799999
1217,-1169336.9824,2150039.95739999
1218,-1169934.0738,2149764.2971
1219,-1172049.6306,2147554.10009999
1220,-1172256.0496,2146634.84689999
1221,-1170436.151,2145251.83780001
1222,-1168945.4258,2144769.82799999
1223,-1168986.088,2144004.3919
1224,-1168332.2456,2143399.07979999
1225,-1169264.7664,2139720.8597
1226,-1168717.9726,2141158.8234
1227,-1171170.5687,2138996.3822
1228,-1171294.6989,2138354.70920001
1229,-1170793.0662,2137567.57339999
1230,-1170774.5523,2137163.4839
1231,-1170443.1818,2136924.8486
1232,-1170981.7165,2135728.9503
1233,-1170850.0901,2134888.4382
1234,-1171795.0695,2134229.78790001
1235,-1172177.04,2132308.69550001
1236,-1173849.482,2131098.5852
1237,-1175716.6233,2130852.34240001
1238,-1177519.6407,2130557.6128
1239,-1178426.4141,2128927.2433
1240,-1182314.6082,2128729.6403
1241,-1179328.8049,2128592.7684
1242,-1182427.2493,2128643.1968
1243,-1186172.3956,2127797.25419999
1244,-1190168.2195,2126427.1271
1245,-1191191.1456,2126023.43119999
1246,-1192080.9974,2124602.0062
1247,-1191331.3053,2123648.3532
1248,-1191269.8066,2123198.5373
1249,-1191451.6092,2121788.3466
1250,-1191259.9752,2122660.74419999
1251,-1192360.1728,2120227.19230001
1252,-1174288.2985,2130159.5565
1253,-1174158.5714,2129425.4552
1254,-1174998.1038,2128023.2972
1255,-1174962.74,2127748.6899
1256,-1175006.2913,2126861.8239
1257,-1177197.228,2124076.9869
1258,-1177048.6761,2122089.2237
1259,-1177609.3407,2121119.1108
1260,-1177457.2597,2121096.3559
1261,-1177860.2139,2120056.01769999
1262,-1188952.3921,2118210.24869999
1263,-1188594.7576,2118482.1751
1264,-1189015.4731,2118214.6725
1265,-1193131.1637,2114798.0824
1266,-1195140.3298,2112155.6551
1267,-1195366.724,2111975.1084
1268,-1195606.2538,2111708.4537
1269,-1195529.1608,2111745.9148
1270,-1196442.0504,2111193.2072
1271,-1196963.3075,2110433.10309999
1272,-1197593.4807,2109443.431
1273,-1197984.8386,2106875.5823
1274,-1199322.5284,2105726.7416
1275,-1200680.2993,2103057.2518
1276,-1202155.7977,2100685.4745
1277,-1189472.0273,2174718.5035
1278,-1169107.5885,2142324.1681
1279,-1167717.7028,2173381.7185
1281,-1161297.811,2164901.43070001
1282,-1159767.7143,2162756.7477
1283,-1159646.3545,2162681.6246
1284,-1159679.0525,2162173.9977
1285,-1159590.3912,2162033.8677
1286,-1159586.1935,2161823.58150001
1287,-1159601.0796,2161673.0923
1288,-1159164.927,2161333.3511
1289,-1181164.5597,2118530.4728
1290,-1187534.9475,2119395.8112
1291,-1185848.3413,2120322.68510001
1292,-1140228.755,2153592.50850001
1293,-1140042.4151,2153611.6854
1294,-1126481.1576,2132453.9279
1295,-1126643.5405,2132035.0014
1296,-1178528.1991,2128859.2102
1297,-1168932.4526,2142212.192
1298,-1168987.9882,2142220.5367
1299,-1173100.7322,2148179.97490001
1300,-1174734.176,2147487.13340001
1301,-1176084.9319,2148539.5049
1302,-1176341.0257,2149034.4428
1303,-1177119.496,2149583.1533
1304,-1178465.8645,2149886.9536
1305,-1180290.7513,2152004.2163
1306,-1182997.6949,2153339.0305
1307,-1183739.1907,2153294.0888
1308,-1185088.0622,2152393.8022
1309,-1187318.9943,2151195.3771
1310,-1188158.2882,2150926.9981
1311,-1190868.0998,2151456.4464
1312,-1190818.847,2151645.7745
1313,-1191142.4307,2152049.9078
1314,-1192161.0771,2152663.5193
1315,-1193002.9855,2153164.7185
1316,-1194032.2469,2153474.285
1317,-1196196.4549,2153898.3921
1318,-1197524.6067,2154630.6045
1319,-1199043.293,2155615.1938
1320,-1199633.9039,2155377.80430001
1321,-1200343.853,2155982.9028
1322,-1200453.3142,2156642.47110001
1323,-1200615.1048,2156504.3421
1324,-1200886.0403,2157274.4763
1325,-1199710.648,2160836.05179999
1326,-1199592.1516,2161846.26769999
1327,-1199662.8104,2162098.1903
1328,-1198935.3716,2163956.9493
1329,-1199097.8053,2164932.9902
1330,-1198246.5502,2167523.7878
1331,-1198188.449,2168325.68359999
1332,-1197656.5256,2170108.4239
1333,-1202617.0342,2154457.12239999
1334,-1202723.2617,2154463.2497
1335,-1205428.3216,2155038.41529999
1336,-1206956.2681,2155322.0576
1337,-1208404.591,2155510.416
1338,-1211010.3573,2152447.53969999
1339,-1214790.7672,2150069.2304
1340,-1208819.9812,2143963.31450001
1341,-1208512.1027,2143990.7094
1342,-1207343.3086,2143926.0147
1343,-1208907.4691,2144007.9883
1344,-1211510.7247,2143789.8054
1345,-1212990.7965,2144167.024
1346,-1219773.0853,2141103.7746
1347,-1178298.3215,2149413.32709999
1348,-1178284.295,2149053.774
1349,-1179340.6762,2148984.37489999
1350,-1181850.9829,2147442.7752
1351,-1182652.5214,2146702.4955
1352,-1183126.3851,2146103.8844
1353,-1183739.4942,2145679.34080001
1354,-1183589.7996,2145389.7352
1355,-1183421.4808,2144400.849
1356,-1184028.9507,2143995.0127
1357,-1184121.4264,2143957.3105
1358,-1185104.4163,2142980.44599999
1359,-1185264.742,2142966.03350001
1360,-1186832.954,2142031.7366
1361,-1188710.6144,2140924.35829999
1362,-1194489.6088,2137914.2405
1363,-1194983.6261,2138287.4031
1364,-1197908.7378,2137802.98829999
1365,-1199157.1275,2137552.7254
1366,-1200931.5345,2137791.9383
1367,-1201258.4869,2138052.6182
1368,-1203773.0746,2138240.7948
1369,-1204112.5174,2138125.0205
1370,-1204473.2419,2136639.0059
1371,-1204464.4128,2136482.1234
1372,-1204877.6861,2135364.4695
1373,-1205136.9743,2135091.1239
1374,-1207722.3814,2133227.14869999
1375,-1207868.3681,2132993.2256
1376,-1208309.6199,2132188.2728
1377,-1208645.7796,2131172.6239
1378,-1208896.434,2130576.51689999
1379,-1209161.2022,2128886.2595
1380,-1209937.2499,2127485.239
1381,-1210625.381,2126798.8602
1382,-1210942.375,2125725.7447
1383,-1210889.5027,2125606.08290001
1384,-1051413.0983,2071627.217
1386,-1050072.1053,2073160.8947
1387,-1049378.6426,2074489.1283
1388,-1049028.3977,2074922.84269999
1389,-1049478.2338,2079542.7559
1390,-1048854.4364,2080957.7193
1391,-1047834.658,2083561.8971
1392,-1046876.6569,2085028.03350001
1393,-1047847.4464,2083584.6331
1394,-1047210.3217,2086847.33170001
1395,-1047092.1794,2086875.43430001
1396,-1050619.6662,2094939.0528
1397,-1049739.8612,2093648.664
1398,-1050189.8855,2101097.6745
1399,-1052909.9793,2072806.3969
1400,-1055616.4783,2074937.71649999
1401,-1057851.0969,2077044.6641
1402,-1058766.1533,2078014.2658
1403,-1059812.6561,2078667.25589999
1404,-1061767.6192,2079768.8683
1405,-1061592.0314,2079620.85679999
1406,-1061873.6519,2079904.82290001
1407,-1062646.7323,2080537.5524
1408,-973503.560300001,2059862.4418
1409,-974265.940446532,2059359.13272832
1410,-974447.856088203,2059382.77907216
1411,-974545.851562869,2059395.51703503
1412,-972035.716700002,2062081.19509999
1413,-969362.485400001,2062936.7913
1414,-966647.855500001,2062125.8947
1415,-967889.425500001,2063214.95309999
1416,-966221.280099999,2061322.7627
1417,-963873.8554,2062045.4101
1418,-962979.8156,2062134.0991
1419,-962502.944399999,2061987.7366
1420,-962248.5637,2061827.47139999
1421,-959791.116100001,2060637.7139
1422,-959402.0479,2060664.6524
1423,-957757.709100001,2059982.4561
1424,-957905.223999999,2059897.4199
1425,-954810.383899999,2058180.25730001
1426,-952928.183900001,2057608.4665
1427,-947973.869999999,2063280.1971
1428,-946064.8025,2066581.3952
1429,-945109.958799999,2068529.7857
1430,-944473.8914,2069662.8518
1431,-943706.4865,2070664.06840001
1432,-943520.883600002,2074445.60069999
1433,-943516.863399998,2078511.82900001
1434,-943319.014500001,2080855.28609999
1435,-942935.889,2081783.9679
1436,-941114.912799999,2083596.127
1437,-935649.202999999,2085550.5504
1438,-935523.068800001,2085607.56839999
1439,-933619.510500001,2089150.9929
1440,-933667.596399999,2089953.5554
1441,-935354.249600002,2091249.8792
1442,-932676.747800001,2083861.97799999
1443,-934728.0469,2085591.8046
1444,-931894.752099999,2083262.2651
1445,-959124.876400001,2060400.9521
1446,-966414.1349,2068012.3279
1447,-966951.555700002,2066963.9826
1448,-965967.329500002,2068984.0944
1449,-966980.128699999,2071626.1399
1450,-966980.5241,2072242.6794
1451,-967360.6264,2072908.4298
1452,-967611.3361,2073408.6746
1453,-969360.250600001,2079109.6607
1454,-969645.928300001,2080669.04639999
1455,-969421.619200002,2082434.02319999
1456,-969277.832599999,2083687.8769
1457,-968955.149900001,2085654.807
1458,-968624.5315,2087110.5693
1459,-954473.1329,2089422.352
1460,-969061.618,2090390.6334
1461,-974892.3093,2094559.77349999
1462,-975028.295600001,2094790.9841
1463,-971557.5709,2109093.3544
1464,-969098.1733,2063745.2854
1465,-1133485.7944,2267977.44949999
1466,-1133383.0731,2267825.4061
1467,-1133036.4716,2266536.8007
1468,-1133044.2765,2266483.68459999
1469,-1132939.3128,2263065.1817
1470,-1133064.6964,2262941.48349999
1471,-1133145.6312,2266315.1175
1472,-1132854.227,2265988.0705
1473,-1132863.8856,2265800.85920001
1474,-1132840.9849,2265435.7487
1475,-1132752.6227,2265394.34319999
1476,-1132707.2182,2264783.0106
1477,-1132716.7608,2264613.8729
1478,-1132996.8857,2264045.2403
1479,-1132805.1104,2263110.0684
1480,-1114037.7266,2268639.5768
1481,-1113678.1855,2269044.8271
1482,-1113422.3149,2269191.2791
1483,-1113579.9163,2269053.8956
1484,-1113102.6711,2269160.656
1485,-1112823.4209,2269592.967
1486,-1112556.3044,2269445.9647
1487,-1111902.365,2269627.9239
1488,-1111669.6801,2270126.36259999
1489,-1111364.1777,2270492.8943
1490,-1110096.6544,2270736.0615
1491,-1110343.8564,2270738.17890001
1492,-1110030.8796,2270749.8128
1493,-1110001.6839,2270722.36339999
1494,-1109928.6343,2270662.74330001
1495,-1109898.6405,2270658.4339
1496,-1109747.6911,2270608.2218
1497,-1109691.9496,2271065.03590001
1498,-1109666.7052,2270797.9684
1499,-1109619.0456,2271075.1747
1500,-1109164.1313,2271009.50509999
1501,-1108692.282,2270990.4575
1502,-1109099.3128,2270945.9137
1503,-1107671.9758,2271677.29100001
1504,-1108178.9087,2272690.4902
1505,-1108081.7977,2272673.8903
1506,-1107870.0078,2272656.21939999
1507,-1107893.1949,2272778.3655
1508,-1105427.57,2274539.9108
1509,-1105738.0805,2274298.09139999
1510,-1104700.1816,2274205.08170001
1511,-1104059.9815,2274662.7097
1512,-1103443.9804,2274015.97089999
1513,-1101159.1081,2273652.4479
1514,-1101778.0381,2273819.3005
1515,-1103196.4903,2273874.34779999
1516,-1103306.5986,2273864.2405
1517,-1106028.9826,2274492.4458
1518,-1106247.6372,2274260.63149999
1519,-1106738.6248,2273440.5992
1520,-1106708.858,2273363.9998
1521,-1109672.3554,2270705.8269
1522,-1110278.2837,2270803.6102
1523,-1109674.5553,2270690.6448
1524,-1106379.9286,2274228.0895
1525,-1107017.1321,2273031.4826
1526,-1111134.2698,2270901.3348
1527,-1153660.8181,2195302.3309
1528,-1152119.0696,2195495.6288
1529,-1155101.4022,2195494.8812
1530,-1155956.3584,2194947.6297
1531,-1156863.4811,2194597.0769
1532,-1157194.4578,2194380.1318
1533,-1158875.0243,2194554.2028
1534,-1161104.9676,2195863.617
1535,-1161345.3926,2195961.71690001
1536,-1163057.5611,2196078.3135
1537,-1172637.5131,2193071.8549
1538,-1172370.0172,2193119.0683
1539,-1175338.2061,2193134.3157
1540,-1173070.7058,2193143.1222
1541,-1175629.4612,2193132.1194
1542,-1179509.9428,2193925.72060001
1544,-1172038.6227,2193166.8898
1545,-1164896.0706,2195248.6345
1546,-1167989.2092,2194898.9892
1547,-1172676.8749,2193102.49540001
1548,-1071774.0406,2143345.85119999
1549,-1068841.7121,2140022.8128
1550,-1068553.6719,2138813.4074
1551,-1069229.3151,2136058.7908
1552,-1069691.878,2135408.8466
1553,-1071036.2046,2133254.1123
1554,-1071879.1335,2131436.6066
1555,-1071916.6098,2130788.1054
1556,-1071903.7177,2130528.009
1557,-1072092.3068,2129946.6012
1558,-1071955.816,2129473.32309999
1559,-1071474.712,2126197.1419
1560,-1071557.5781,2128216.793
1561,-1070290.8671,2124842.1191
1562,-1069885.6068,2123019.686
1563,-1070096.6211,2121733.3751
1564,-1070056.5858,2120777.1119
1565,-1069863.6511,2119244.509
1566,-1070038.5398,2119118.50310001
1567,-1070020.8123,2118632.9218
1568,-1070045.8046,2117964.5557
1569,-1069988.3394,2117527.8104
1570,-1069999.7141,2116250.4017
1571,-1070049.2181,2115980.6755
1572,-1070203.3661,2115503.0268
1573,-1071074.1933,2111913.9017
1574,-1072260.7305,2109478.74
1575,-1070480.4411,2107145.68179999
1576,-1069680.638,2107191.693
1577,-1071270.2301,2104728.6974
1578,-1072791.6672,2103530.2955
1579,-1073404.9486,2103303.7494
1580,-1120904.5183,2111853.9762
1581,-1121005.4382,2112119.7498
1582,-1123389.8757,2114555.4972
1583,-1121107.8749,2112231.49499999
1584,-1116963.8741,2114009.4916
1585,-1117845.8753,2114602.6027
1586,-1122675.8758,2117257.4955
1587,-1118181.108,2114905.4984
1588,-1123025.8705,2119455.50070001
1589,-1124565.8763,2120323.492
1590,-1125783.8702,2122241.49499999
1591,-1126231.8716,2122353.50009999
1592,-1125447.8735,2124859.5002
1593,-1204245.7373,2151476.05540001
1594,-1206489.7863,2146861.7946
1595,-1206109.4102,2147882.56350001
1596,-1206054.8797,2147874.1489
1597,-1207199.1487,2145414.447
1598,-1207127.9193,2145330.82800001
1599,-1158487.8756,2206605.4923
1600,-1125297.9457,2292768.70180001
1601,-1125401.9037,2291644.9157
1602,-1160078.1926,2214547.6007
1603,-1125402.5668,2291466.7823
1604,-1125403.6007,2291598.66550001
1605,-1130249.8717,2067949.5036
1606,-1129157.8759,2068747.5026
1607,-1135806.5025,2071180.3669
1608,-1132013.8745,2068243.49749999
1609,-1131593.8779,2068537.4931
1610,-1123025.8778,2068565.50300001
1611,-1119861.8711,2068775.49700001
1612,-1125152.6222,2069834.8698
1613,-1136759.873,2073017.4936
1614,-1135261.8788,2072149.5036
1615,-1132279.8701,2075383.4928
1616,-1133997.1735,2075258.1119
1617,-1134028.3065,2075230.8679
1618,-1052947.7555,2062796.6727
1619,-1052755.6323,2062789.0644
1620,-1135131.3698,2074837.49469999
1621,-1053838.8649,2063962.2616
1622,-1052244.4035,2061785.3881
1623,-1051514.6543,2060610.3295
1624,-1135279.3455,2074809.4923
1625,-1128079.8796,2076685.4918
1626,-1128850.3744,2075548.7544
1627,-1108675.8754,2066745.5003
1628,-1108409.8727,2066731.4948
1629,-1131187.8764,2075747.49579999
1630,-1131942.8541,2075509.50080001
1631,-1053042.0098,2068077.5043
1632,-1053652.9389,2066758.83549999
1633,-1132087.8052,2075509.50219999
1634,-1052807.0466,2069185.6712
1635,-1053605.1219,2066641.3485
1636,-1053701.1125,2066607.67350001
1637,-1054144.5354,2065610.22379999
1638,-1054249.3385,2064864.6033
1639,-1131770.0473,2068439.1442
1640,-1053906.8989,2064384.7527
1641,-1123235.8724,2068719.4949
1642,-1122829.8784,2069797.49200001
1643,-1131682.0485,2068512.3083
1644,-1118047.969,2068857.06989999
1645,-1117607.7352,2068422.06019999
1646,-1122941.8787,2070007.4922
1647,-1053303.2561,2059244.9465
1648,-1053380.7954,2059064.11659999
1649,-1054937.7734,2058290.39250001
1650,-1055520.0677,2057603.3919
1651,-1056938.3859,2056668.9563
1652,-1057683.7621,2056339.6202
1653,-1118069.8703,2068873.49600001
1654,-1117600.8746,2068376.4977
1655,-1116235.8722,2067053.4977
1656,-1058139.7568,2055209.352
1657,-1056569.2291,2053100.2394
1658,-1114919.872,2066591.50100001
1659,-1110803.8795,2067109.4982
1660,-1123059.5444,2070195.16029999
1661,-1122951.409,2070064.7345
1662,-1115535.8784,2066451.4934
1663,-1109942.8702,2067018.4964
1664,-1109074.8759,2066654.5009
1665,-1078547.8734,2050995.4967
1666,-1078326.2464,2050969.43020001
1667,-1078897.8739,2050701.4953
1668,-1077931.8731,2050785.4997
1669,-1077756.8696,2049434.5044
1670,-1076790.8723,2045388.4955
1671,-1076713.8772,2044947.4987
1672,-1075642.8779,2045374.494
1673,-1076797.8719,2046697.4992
1674,-1077049.8706,2046501.4969
1675,-1082313.8729,2054327.5023
1676,-1081641.8766,2053641.5051
1677,-1087129.8751,2054719.4956
1678,-1086653.8749,2054369.5015
1679,-1081130.6767,2052392.01259999
1680,-1081109.6848,2052368.21880001
1681,-1079989.8742,2051653.5012
1682,-1080360.8755,2050456.499
1683,-1079436.8755,2049966.4997
1684,-1084049.8319,2054172.4222
1685,-1085071.8725,2053697.4922
1686,-1084931.8718,2053753.49310001
1687,-1086583.8718,2054341.4975
1688,-1056636.8525,2051757.85339999
1689,-1056784.4274,2050596.6627
1690,-1056385.3793,2048734.4749
1691,-1108052.8749,2066346.4992
1692,-1108017.8736,2066311.5002
1693,-1107233.872,2066619.5012
1694,-1105637.8714,2066465.49929999
1695,-1104783.8734,2066241.50309999
1696,-1103579.8756,2065289.50550001
1697,-1095508.8787,2061656.5019
1698,-1094759.8723,2061355.50210001
1699,-1094325.8713,2060837.4985
1700,-1095725.8754,2060305.5033
1701,-1095725.8737,2060137.49440001
1702,-1095473.8764,2059871.4977
1703,-1094465.8708,2060445.504
1704,-1090349.8789,2056861.49490001
1705,-1090251.8768,2056931.4927
1706,-1093968.874,2056910.5044
1707,-1101536.6611,2063160.0786
1708,-1100247.8781,2063119.50020001
1709,-1100135.8763,2063217.4963
1710,-1099526.8768,2063462.49919999
1711,-1098273.8793,2063721.49459999
1712,-1095473.8722,2063903.4985
1713,-1095236.6254,2063960.9984
1714,-1060462.9109,2045087.7301
1715,-1060528.2631,2044845.8069
1716,-1096383.9976,2063625.36980001
1717,-1058504.3404,2046301.68110001
1718,-1095053.8756,2063315.4994
1719,-1062025.8074,2043373.7904
1720,-1063768.6639,2042295.3999
1721,-1063797.8684,2041487.82110001
1722,-1063382.9131,2041075.7203
1723,-1063935.319,2040079.6204
1724,-1064925.5984,2039247.9834
1725,-1097741.8766,2063875.50349999
1726,-1056738.4177,2048621.44289999
1727,-1056809.6472,2048563.7718
1728,-1077189.8774,2047915.497
1729,-1076517.877,2047607.4969
1730,-1057362.0286,2047358.45
1731,-1058272.9652,2046493.0078
1732,-1077812.8713,2048398.4978
1733,-1058334.0669,2046359.0385
1734,-1072514.8592,2046055.3938
1735,-1072844.1005,2045877.94110001
1736,-1088998.8705,2057064.5001
1737,-1073388.9709,2046691.6291
1738,-1074206.5448,2047183.123
1739,-1094521.8768,2056945.49520001
1740,-1094451.8788,2056875.4993
1741,-1094395.8772,2057645.494
1742,-1065530.5414,2039517.8148
1743,-1066815.8677,2041050.64850001
1744,-1135430.7893,2080695.4665
1745,-1134155.8753,2079583.4917
1746,-1135952.2209,2080771.0949
1747,-1135564.1067,2080714.8004
1748,-1133525.8757,2079121.49239999
1749,-1127463.8779,2078967.5026
1751,-1075612.4731,2045399.5682
1752,-1127841.8753,2078925.496
1753,-1132391.8702,2078505.4911
1754,-1130883.3824,2075755.6603
1755,-1131134.5455,2075783.05360001
1756,-1108157.8837,2066535.5006
1757,-1075612.1282,2045412.4595
1758,-1075488.9462,2047192.4855
1759,-1132503.8738,2078589.4985
1760,-1071280.7317,2044219.579
1761,-1074451.3042,2047177.7163
1762,-1075565.8795,2043197.49240001
