"fromedge","toedge"
1,2
2,1628
3,2
4,5
5,250
6,4
7,6
8,395
9,303
10,296
11,10
12,13
13,11
14,294
15,14
16,15
17,22
18,17
19,18
20,19
21,16
22,21
23,24
24,20
25,23
26,249
27,245
28,37
29,39
30,34
31,38
32,28
33,35
34,284
35,31
36,33
37,29
38,30
39,36
40,32
41,40
42,41
43,42
44,43
45,46
46,334
47,45
48,47
49,48
50,49
51,50
52,51
53,52
54,53
55,56
56,54
57,55
58,57
59,58
60,61
61,280
62,60
63,362
64,278
65,64
66,65
67,66
68,67
69,68
70,69
71,70
72,1440
73,273
74,73
75,272
76,75
77,76
78,77
79,78
80,79
81,80
82,81
83,82
84,83
85,84
86,85
87,86
88,87
89,88
90,89
91,90
92,91
93,92
94,93
95,266
96,95
97,100
98,97
99,98
100,369
101,99
102,370
103,102
104,103
105,104
106,105
107,376
108,378
109,110
110,108
111,109
112,111
113,112
114,379
115,114
116,384
117,116
118,117
119,390
120,119
121,120
122,121
123,122
124,123
125,124
126,128
127,125
128,127
129,126
130,129
131,132
132,130
133,131
134,133
135,134
136,135
137,138
138,136
139,137
140,139
141,140
142,141
143,142
144,143
145,146
146,126
147,145
148,149
149,43
150,148
151,150
152,151
153,152
154,153
155,154
156,155
157,156
158,157
159,158
160,159
161,160
162,161
163,162
164,1588
165,408
166,165
167,166
168,167
169,168
170,324
171,170
172,171
173,172
174,330
175,176
176,174
177,175
178,177
179,178
180,179
181,180
182,181
183,182
184,183
185,184
186,185
187,186
188,147
189,387
190,189
191,192
192,193
193,190
194,252
195,194
196,197
197,195
198,199
199,196
200,1461
201,1754
202,201
203,202
204,203
205,207
206,204
207,206
208,205
209,208
210,231
211,210
212,211
213,212
214,213
215,214
216,217
217,215
218,216
219,400
220,195
221,220
222,221
223,222
224,377
225,226
226,118
227,225
228,229
229,230
230,60
231,393
232,332
233,399
234,233
235,237
236,235
237,62
238,398
239,353
240,239
241,240
242,241
243,242
244,286
245,246
246,247
247,244
248,409
249,292
250,251
251,313
252,394
253,371
254,255
255,101
256,257
257,258
258,259
259,260
260,261
261,262
262,263
263,264
264,265
265,368
266,267
267,268
268,269
269,270
270,271
271,367
272,366
273,365
274,275
275,276
276,277
277,364
278,363
279,236
280,281
281,283
282,361
283,282
284,285
285,357
286,356
287,352
288,289
289,351
290,291
291,350
292,397
293,349
294,295
295,348
296,297
297,298
298,346
299,310
300,299
301,302
302,344
303,343
304,306
305,341
306,305
307,308
308,309
309,8
310,311
311,312
312,345
313,314
314,316
315,317
316,315
317,319
318,320
319,318
320,322
321,323
322,321
323,248
324,325
325,326
326,327
327,391
328,329
329,392
330,328
331,253
332,331
333,115
334,234
335,337
336,300
337,373
338,339
339,307
340,338
341,342
342,340
343,304
344,396
345,301
346,347
347,336
348,12
349,25
350,26
351,290
352,288
353,238
354,355
355,243
356,354
357,27
358,44
359,358
360,334
361,360
362,279
363,63
364,71
365,72
366,74
367,94
368,96
369,256
370,254
371,106
372,374
373,375
374,232
375,372
376,377
377,335
378,107
379,380
380,113
381,382
382,383
383,333
384,381
385,232
386,385
387,386
388,389
389,200
390,388
391,169
392,173
393,219
394,191
395,7
396,9
397,293
398,287
399,359
400,406
401,40
402,401
403,402
404,403
405,404
406,405
407,164
408,1441
409,428
410,425
411,410
412,417
413,412
414,421
415,414
416,415
417,416
418,604
419,418
420,419
421,420
422,413
423,422
424,423
425,424
426,411
427,426
428,427
429,526
430,429
431,430
432,433
433,431
434,435
435,436
436,432
437,507
438,440
439,510
440,439
441,438
442,441
443,520
444,443
445,444
446,445
447,446
448,447
449,535
450,449
451,450
452,451
453,452
454,453
455,454
456,455
457,456
458,457
459,458
460,459
461,460
462,461
463,462
464,463
465,464
466,517
467,466
468,467
469,468
470,469
471,470
472,471
473,472
474,473
475,474
476,475
477,476
478,477
479,478
480,479
481,480
482,481
483,537
484,483
485,484
486,480
487,516
488,487
489,488
490,489
491,513
492,491
493,1494
494,493
495,494
496,495
497,1442
498,497
499,498
500,501
501,502
502,488
503,441
504,503
505,512
506,527
507,506
508,522
509,228
510,511
511,505
512,523
513,539
514,500
515,482
516,538
517,518
518,536
519,448
520,521
521,508
522,534
523,533
524,529
525,524
526,509
527,528
528,434
529,437
530,525
531,530
532,531
533,532
534,442
535,519
536,465
537,515
538,486
539,1590
540,514
541,681
542,543
543,544
544,545
545,546
546,547
547,541
548,542
549,548
550,558
551,552
552,553
553,556
554,700
555,554
556,557
557,550
558,555
559,551
560,559
561,628
562,563
563,561
564,562
565,566
566,641
567,565
568,569
569,567
570,568
571,581
572,573
573,574
574,575
575,576
576,577
577,578
578,579
579,580
580,571
581,582
582,583
583,638
584,572
585,591
586,592
587,599
588,595
589,590
590,585
591,586
592,587
593,600
594,593
595,594
596,588
597,596
598,597
599,598
600,584
601,589
602,605
603,1526
604,602
605,606
606,655
607,608
608,609
609,610
610,728
611,601
612,615
613,614
614,612
615,611
616,617
617,618
618,619
619,620
620,621
621,622
622,623
623,665
624,625
625,646
626,624
627,626
628,711
629,719
630,549
631,634
632,564
633,631
634,667
635,653
636,637
637,639
638,636
639,640
640,722
641,642
642,643
643,644
644,657
645,714
646,647
647,648
648,649
649,710
650,560
651,652
652,613
653,651
654,607
655,654
656,709
657,629
658,659
659,660
660,664
661,662
662,663
663,689
664,661
665,666
666,635
667,668
668,982
669,677
670,671
671,672
672,673
673,678
674,675
675,679
676,633
677,670
678,674
679,676
680,669
681,680
682,687
683,682
684,691
685,683
686,694
687,630
688,693
689,690
690,684
691,692
692,688
693,686
694,695
695,685
696,702
697,696
698,699
699,705
700,701
701,697
702,703
703,704
704,698
705,658
706,707
707,708
708,650
709,706
710,656
711,712
712,627
713,632
714,713
715,645
716,717
717,715
718,721
719,718
720,716
721,720
722,570
723,725
724,727
725,724
726,616
727,726
728,729
729,723
730,855
731,730
732,731
733,732
734,733
735,734
736,850
737,736
738,737
739,849
740,739
741,740
742,741
743,857
744,743
745,859
746,745
747,847
748,747
749,748
750,846
751,750
752,751
753,752
754,753
755,754
756,755
757,861
758,757
759,758
760,759
761,760
762,761
763,762
764,763
765,764
766,765
767,766
768,767
769,768
770,769
771,772
772,774
773,770
774,775
775,773
776,771
777,776
778,777
779,867
780,779
781,780
782,781
783,782
784,783
785,784
786,785
787,786
788,787
789,1443
790,789
791,790
792,791
793,792
794,793
795,796
796,794
797,795
798,867
799,798
800,799
801,800
802,801
803,802
804,803
805,804
806,805
807,806
808,807
809,808
810,809
811,810
812,845
813,1444
814,813
815,814
816,815
817,816
818,869
819,870
820,819
821,820
822,823
823,821
824,825
825,771
826,824
827,828
828,826
829,827
830,853
831,830
832,831
833,832
834,833
835,834
836,835
837,836
838,837
839,838
840,839
841,840
842,841
843,842
844,863
845,871
846,749
847,746
848,744
849,738
850,735
851,852
852,829
853,851
854,818
855,856
856,570
857,862
858,866
859,860
860,844
861,864
862,742
863,848
864,756
865,778
866,865
867,858
868,817
869,868
870,854
871,811
872,873
873,982
874,872
875,874
876,875
877,876
878,877
879,878
880,879
881,880
882,881
883,882
884,883
885,884
886,885
887,886
888,887
889,888
890,889
891,890
892,884
893,892
894,893
895,894
896,895
897,896
898,897
899,898
900,899
901,900
902,901
903,902
904,903
905,904
906,905
907,906
908,907
909,908
910,909
911,910
912,911
913,912
914,913
915,914
916,915
917,916
918,917
919,918
920,919
921,920
922,921
923,922
924,923
925,924
926,925
927,926
928,927
929,928
930,929
931,930
932,931
933,932
934,933
935,934
936,935
937,936
938,937
939,938
940,939
941,940
942,941
943,942
944,943
945,944
946,957
947,946
948,963
949,950
950,945
951,949
952,951
953,952
954,953
955,954
956,955
957,956
958,1565
959,958
960,959
961,960
962,961
963,947
964,1569
965,964
966,965
967,966
968,967
969,968
970,969
971,970
972,973
973,977
974,976
975,972
976,975
977,1102
978,974
979,980
980,978
981,979
982,1018
983,1737
984,983
985,984
986,985
987,986
988,989
989,987
990,988
991,990
992,991
993,992
994,993
995,994
996,995
997,996
998,997
999,998
1000,999
1001,1000
1002,1001
1003,1002
1004,1003
1005,1445
1006,1005
1007,1006
1008,1007
1009,1008
1010,1012
1011,1010
1012,1013
1013,1015
1014,981
1015,1014
1016,1017
1017,1011
1018,1020
1019,1016
1020,1019
1021,1066
1022,1021
1023,1022
1024,1023
1025,1024
1026,1025
1027,1026
1028,1027
1029,1028
1030,1029
1031,1030
1032,1031
1033,1034
1034,1035
1035,1038
1036,1032
1037,1036
1038,1037
1039,1033
1040,1039
1041,1040
1042,1041
1043,1042
1044,1043
1045,1044
1046,1045
1047,1046
1048,1047
1049,1734
1050,1049
1051,1050
1052,1051
1053,1052
1054,1053
1055,1054
1056,1055
1057,1056
1058,1057
1059,1058
1060,1059
1061,1060
1062,1061
1063,1062
1064,1063
1065,1064
1066,1065
1067,1048
1068,1067
1069,1068
1070,1069
1071,1070
1072,1073
1073,1079
1074,1072
1075,1071
1076,1075
1077,1076
1078,1074
1079,1077
1080,1078
1081,1080
1082,1081
1083,1082
1084,1083
1085,1084
1086,1085
1087,1086
1088,1087
1089,1088
1090,1089
1091,1090
1092,1091
1093,1092
1094,1093
1095,1094
1096,1095
1097,1096
1098,1097
1099,1098
1100,1099
1101,1100
1102,1101
1103,1580
1104,1103
1105,1104
1106,1105
1107,1106
1108,1107
1109,1108
1110,1109
1111,1110
1112,1111
1113,1112
1114,1113
1115,1114
1116,1115
1117,1116
1118,1117
1119,1118
1120,1119
1121,1269
1122,1121
1123,1122
1124,1123
1125,1124
1126,1125
1127,1126
1128,1127
1129,1128
1130,1131
1131,1129
1132,1130
1133,1132
1134,1133
1135,1134
1136,1135
1137,1136
1138,1137
1139,1138
1140,1139
1141,1140
1142,1141
1143,1142
1144,1143
1145,1144
1146,1145
1147,1146
1148,1147
1149,1148
1150,1149
1151,1267
1152,1151
1153,1152
1154,1153
1155,1154
1156,1155
1157,1156
1158,1157
1159,1158
1160,1159
1161,1160
1162,1161
1163,1162
1164,1163
1165,1254
1166,1165
1167,1166
1168,1167
1169,1168
1170,1169
1171,1274
1172,1171
1173,1175
1174,1172
1175,1174
1176,1173
1177,1251
1178,1177
1179,1178
1180,1179
1181,1180
1182,1181
1183,1156
1184,1183
1185,1184
1186,1185
1187,1186
1188,1187
1189,1188
1190,1189
1191,1190
1192,1191
1193,1192
1194,1193
1195,1194
1196,1195
1197,1196
1198,1197
1199,1198
1200,1199
1201,1200
1202,1276
1203,1202
1204,1203
1205,1204
1206,1205
1207,1206
1208,1207
1209,1208
1210,1209
1211,1210
1212,1211
1213,1212
1214,1213
1215,1214
1216,1271
1217,1216
1218,1217
1219,1218
1220,1219
1221,1220
1222,1221
1223,1222
1224,1225
1225,1223
1226,1224
1227,1212
1228,1227
1229,1228
1230,1229
1231,1230
1232,1231
1233,1232
1234,1233
1235,1234
1236,1235
1237,1264
1238,1237
1239,1238
1240,1239
1241,1240
1242,1250
1243,1242
1244,1243
1245,1244
1246,1245
1247,1246
1248,1247
1249,1248
1250,1241
1251,1275
1252,1201
1253,1170
1254,1255
1255,1256
1256,1257
1257,1258
1258,1259
1259,1262
1260,1261
1261,1164
1262,1260
1263,1236
1264,1265
1265,1266
1266,1263
1267,1268
1268,1273
1269,1270
1270,1272
1271,1279
1272,1120
1273,1150
1274,1253
1275,1176
1276,1277
1277,1278
1278,1252
1279,1215
1280,1196
1281,1280
1282,1281
1283,1282
1284,1283
1285,1284
1286,1285
1287,1286
1288,1287
1289,1288
1290,1289
1291,1290
1292,1291
1293,1292
1294,1293
1295,1294
1296,1295
1297,1296
1298,1297
1299,1298
1300,1299
1301,1300
1302,1301
1303,1302
1304,1303
1305,1304
1306,1305
1307,1306
1308,1307
1309,1308
1310,1309
1311,1310
1312,1311
1313,1312
1314,1304
1315,1314
1316,1315
1317,1316
1318,1317
1319,1318
1320,1319
1321,1322
1322,1586
1323,1321
1324,1323
1325,1324
1326,1325
1327,1285
1328,1327
1329,1328
1330,1329
1331,1330
1332,1331
1333,1332
1334,1333
1335,1334
1336,1335
1337,1336
1338,1337
1339,1338
1340,1339
1341,1340
1342,1341
1343,1342
1344,1343
1345,1344
1346,1345
1347,1346
1348,1347
1349,1348
1350,1349
1351,1350
1352,1351
1353,1352
1354,1353
1355,1354
1356,1355
1357,1356
1358,1357
1359,1358
1360,1359
1361,1360
1362,1361
1363,1362
1364,1
1365,1364
1366,1365
1367,1366
1368,1367
1369,1368
1370,1369
1371,1446
1372,1371
1373,1372
1374,1375
1375,1373
1376,1374
1377,1
1378,1377
1379,1378
1380,1379
1381,1380
1382,1383
1383,1381
1384,1382
1385,1384
1388,1386
1389,1388
1390,1391
1391,1389
1392,1390
1393,1392
1394,1393
1395,1394
1396,1395
1397,1396
1398,1397
1399,1420
1400,1399
1401,1400
1402,1401
1403,1402
1404,1403
1405,1404
1406,1405
1407,1406
1408,1407
1409,1408
1410,1409
1411,1410
1412,1411
1413,1412
1414,1413
1415,1414
1416,1415
1417,1447
1418,1417
1419,1398
1420,1419
1421,1438
1422,1421
1423,1422
1424,1423
1425,1424
1426,1425
1427,1426
1428,1427
1429,1428
1430,1429
1431,1430
1432,1431
1433,1432
1434,1432
1435,1434
1436,1435
1437,1436
1438,1439
1439,1389
1440,274
1441,407
1442,496
1443,788
1444,812
1445,1004
1446,1370
1447,1413
1448,1462
1449,1463
1450,1451
1451,364
1452,1453
1453,1454
1454,1455
1455,1456
1456,1457
1457,1458
1458,1460
1459,1450
1460,1459
1461,1448
1462,1449
1463,1452
1464,448
1465,1464
1466,1501
1467,1466
1468,1467
1469,1468
1470,1469
1471,1470
1472,1471
1473,1500
1474,1473
1475,1474
1476,1475
1477,1476
1478,1477
1479,1499
1480,1479
1481,1480
1482,1498
1483,1482
1484,1483
1485,1484
1486,1485
1487,1486
1488,1503
1489,1488
1490,1489
1491,1490
1492,1493
1493,1495
1494,1492
1495,1511
1496,1504
1497,1509
1498,1481
1499,1502
1500,1506
1501,1465
1502,1508
1503,1496
1504,1510
1505,1487
1506,1507
1507,1472
1508,1478
1509,1505
1510,1497
1511,1491
1512,1513
1513,723
1514,1512
1515,1514
1516,1515
1517,1516
1518,1517
1519,1518
1520,1519
1521,1520
1522,1527
1523,1532
1524,1523
1525,1524
1526,1525
1527,1530
1528,1521
1529,1528
1530,1529
1531,1522
1532,1531
1533,903
1534,1533
1535,1534
1536,1535
1537,1536
1538,1537
1539,1538
1540,1539
1541,1540
1542,1541
1543,1542
1544,1545
1545,1543
1546,1544
1547,1546
1548,1547
1549,1548
1550,1549
1551,1550
1552,1551
1553,1552
1554,1553
1555,1554
1556,1555
1557,1556
1558,1557
1559,1558
1560,1559
1561,1560
1562,1561
1563,1562
1564,1563
1565,1564
1566,1029
1567,1566
1568,1570
1569,1571
1570,1567
1571,1573
1572,1568
1573,1574
1574,1036
1575,1572
1576,1575
1577,1576
1578,1577
1579,1578
1580,1579
1581,1314
1582,1584
1583,1581
1584,1583
1585,1582
1586,1595
1587,412
1588,1587
1589,1594
1590,1589
1591,410
1592,490
1593,1592
1594,1593
1595,1585
1596,1600
1597,1624
1598,1596
1599,1639
1600,1652
1601,1602
1602,1597
1603,1604
1604,1606
1605,1610
1606,1609
1607,1605
1608,1635
1609,1611
1610,1608
1611,1601
1612,1620
1613,1742
1614,1616
1615,1619
1616,1622
1617,1615
1618,1623
1619,1618
1620,1614
1621,1626
1622,1603
1623,1621
1624,1630
1625,1607
1626,1625
1627,1599
1628,1617
1629,1627
1630,1631
1631,1598
1632,1645
1633,1629
1634,1637
1635,1634
1636,1641
1637,1636
1638,1644
1639,1668
1640,1647
1641,1638
1642,1675
1643,1650
1644,1642
1645,1640
1646,1649
1647,1648
1648,1643
1649,1633
1650,1651
1651,1679
1652,1646
1653,1656
1654,1653
1655,1735
1656,1655
1657,1658
1658,1755
1659,1660
1660,1657
1661,1666
1662,1674
1663,1664
1664,1665
1665,1669
1666,1663
1667,1654
1668,1632
1669,1667
1670,1661
1671,1676
1672,1671
1673,1677
1674,1672
1675,1673
1676,1670
1677,1713
1678,1681
1679,1613
1680,1682
1681,1680
1682,1683
1683,1692
1684,1685
1685,1688
1686,1687
1687,1727
1688,1689
1689,1686
1690,1723
1691,1690
1692,1709
1693,1695
1694,1708
1695,1694
1696,1702
1697,1703
1698,1696
1699,1697
1700,1684
1701,1705
1702,1700
1703,1701
1704,1707
1705,1704
1706,1730
1707,1706
1708,1712
1709,1693
1710,1716
1711,1714
1712,1698
1713,1710
1714,1659
1715,1719
1716,1715
1717,1711
1718,1699
1719,1718
1720,1724
1721,1662
1722,1753
1723,1721
1724,1722
1725,1726
1726,1691
1727,1728
1728,1725
1729,1749
1730,1729
1731,1733
1732,1736
1733,1748
1734,1747
1735,1717
1736,1731
1737,1732
1738,1755
1739,1612
1740,1741
1741,1744
1742,1745
1743,1738
1744,1614
1745,1678
1746,1743
1747,1739
1748,1751
1749,1752
1750,1746
1751,1740
1752,1720
1753,1750
1754,1591
